chr10	100912984	100913136	+
chr10	103917594	103917656	-
chr10	110005988	110006041	+
chr10	11165209	11165286	+
chr10	112182831	112182869	-
chr10	112445572	112446739	-
chr10	113854776	113854805	+
chr10	114526814	114526852	-
chr10	114684328	114684393	-
chr10	118046278	118046391	-
chr10	118341918	118342298	-
chr10	12069009	12081475	+
chr10	123007147	123008786	-
chr10	125111013	125158676	-
chr10	18340818	18340880	+
chr10	26438404	26438433	+
chr10	27240442	27240516	-
chr10	27240691	27240780	-
chr10	28532787	28532897	+
chr10	29634776	29634925	-
chr10	33334598	33334663	-
chr10	42636925	42638503	-
chr10	43644789	43646185	-
chr10	44959832	44970171	+
chr10	46030595	46030654	-
chr10	49316155	49316244	+
chr10	50344159	50344278	-
chr10	5446639	5446719	+
chr10	58385433	58386303	+
chr10	59362426	59362533	-
chr10	60140624	60140848	-
chr10	68073117	68073664	-
chr10	68109579	68109611	+
chr10	68721260	68721286	+
chr10	80468590	80468631	+
chr10	86838907	86838966	+
chr10	87863709	87863846	+
chr10	90921108	90921212	-
chr10	91222720	91222824	+
chr10	92291217	92311190	+
chr10	96832303	96833452	+
chr10	96833042	96833452	+
chr10	98443215	98445396	-
chr1	100168437	100168550	-
chr1	100894690	100894770	-
chr1	101237038	101237094	+
chr11	101129582	101129659	-
chr11	101129582	101129749	-
chr11	104164053	104164085	-
chr11	108009041	108009148	+
chr11	10808854	10808904	-
chr11	108224866	108227621	+
chr1	111139634	111139705	-
chr11	112074361	112074453	+
chr11	114059732	114059782	+
chr11	114400401	114400511	-
chr1	111473978	111476024	+
chr11	11621864	11621950	-
chr11	117179160	117179435	+
chr11	117229844	117230425	-
chr11	118264344	118264400	-
chr11	120337106	120337216	+
chr11	12138394	12138453	+
chr11	125235085	125331868	+
chr11	125572465	125572509	+
chr11	130069896	130069961	+
chr11	130916313	130916369	-
chr11	134253065	134253136	-
chr1	114750174	114750206	-
chr1	114780643	114780684	-
chr1	116666532	116666588	-
chr1	116666736	116666852	-
chr1	117367788	117367895	+
chr11	18322394	18322669	+
chr1	11980456	11980482	+
chr1	120029963	120069461	-
chr11	207724	207768	+
chr11	207789	207950	+
chr11	26994369	26994449	+
chr11	307956	308036	+
chr11	33257634	33257789	+
chr11	33258385	33258480	+
chr11	33258642	33258686	+
chr11	34357667	34357723	-
chr1	146020284	146021633	-
chr11	46617589	46617636	+
chr11	46617851	46630088	+
chr1	150150007	150150084	+
chr1	150235977	150236063	-
chr1	150294032	150294163	+
chr1	151006572	151006697	-
chr1	151055969	151059495	-
chr1	151056691	151056786	-
chr1	151198655	151198732	+
chr1	151198802	151198858	+
chr1	151324766	151324894	-
chr1	151326176	151326343	-
chr1	151346508	151346564	-
chr11	534309	535504	-
chr1	153728076	153728129	+
chr1	153977529	153977570	-
chr1	154272680	154272727	+
chr1	155240699	155241126	-
chr1	155308976	155309074	+
chr1	156194124	156194192	+
chr1	156282709	156282801	-
chr1	156282954	156285188	+
chr1	156601411	156601467	-
chr1	156728273	156728365	-
chr1	156728643	156728873	+
chr1	157045225	157045353	-
chr11	57667927	57668016	+
chr11	57672204	57672269	+
chr11	57673056	57673163	+
chr1	15976020	15976076	-
chr1	160098415	160098546	-
chr11	60183242	60184385	-
chr1	160262315	160262443	-
chr1	161043272	161045927	-
chr1	161045938	161045964	-
chr1	161198795	161199022	-
chr1	161226010	161226132	+
chr11	61357753	61357815	-
chr11	6224422	6224610	-
chr11	63839072	63839188	+
chr11	63839126	63839188	+
chr11	64317741	64317848	-
chr1	165444989	165445090	-
chr11	66289042	66289131	-
chr11	67483053	67483085	+
chr1	1676750	1692675	-
chr11	68190009	68190104	-
chr11	68268066	68268251	-
chr11	68268066	68271651	-
chr11	68460765	68460794	+
chr1	1691333	1692480	-
chr1	17005068	17011757	-
chr11	70405281	70405331	+
chr1	170663135	170663227	+
chr1	171512073	171512159	+
chr1	171781837	171781932	+
chr1	172452960	172453034	+
chr1	173869052	173870205	+
chr11	73876793	73876840	-
chr11	73981512	73983034	-
chr11	75151199	75151300	+
chr11	76665951	76669813	-
chr11	76670619	76670660	-
chr1	178869144	178869206	-
chr1	178870913	178871029	-
chr1	179852706	179852771	-
chr1	179865721	179865783	-
chr1	179882316	179882393	+
chr1	182391177	182391320	-
chr1	182391177	182391527	-
chr11	82997313	83034261	-
chr1	183636269	183636466	+
chr1	183805264	183805320	+
chr1	1839196	1839228	-
chr1	184477502	184507629	+
chr11	8750645	8810549	-
chr11	904827	910780	-
chr11	908568	910780	-
chr1	193186207	193186248	-
chr11	94129187	94129243	+
chr11	95231088	95231117	-
chr1	198639234	198639272	+
chr1	20070337	20070438	+
chr1	201373288	201373389	-
chr1	202462942	202462968	+
chr1	202539932	202540114	+
chr1	203796509	203796694	+
chr1	203796509	203801616	+
chr1	203797149	203797418	+
chr1	203802989	203803015	+
chr1	204411487	204411642	-
chr1	205810522	205810626	-
chr1	205810668	205810793	-
chr1	205811033	205812896	-
chr12	104287085	104287129	+
chr12	109477651	109477710	+
chr12	109478002	109478103	+
chr12	109481703	109483595	+
chr12	110583231	110583302	-
chr12	113334597	113334725	-
chr12	114405853	114405918	-
chr12	120200829	120200876	-
chr12	120249991	120250107	-
chr12	120534697	120534957	+
chr12	121400163	121400216	+
chr12	124011642	124011851	+
chr12	124011845	124011925	+
chr12	124011954	124012040	+
chr12	12611922	12611999	+
chr1	213015724	213015804	-
chr1	220089713	220089811	-
chr12	22046269	22046448	+
chr12	25203922	25203960	+
chr1	225879269	225879355	-
chr12	26938526	26938597	+
chr1	227317543	227317617	-
chr1	227317867	227317920	-
chr1	227318174	227318266	-
chr12	30695747	30695857	-
chr1	231241226	231241339	+
chr1	23337831	23338596	-
chr1	235328582	235328719	+
chr1	236795321	236803436	+
chr12	3863895	3863948	-
chr12	389168	389197	-
chr12	42325983	42326024	-
chr1	24415815	24419407	+
chr12	45990415	45990441	-
chr12	46243230	46243274	-
chr12	46243230	46254860	-
chr12	46243230	46267268	-
chr12	46243230	46268905	-
chr12	46268861	46268905	-
chr1	247330021	247331607	-
chr12	47964212	47964298	+
chr1	248825093	248825269	-
chr12	49566198	49568050	-
chr12	50924839	50924880	+
chr12	53077235	53079388	-
chr12	53181849	53181899	+
chr1	2556593	2556655	+
chr12	56153875	56153946	+
chr12	56216459	56216524	-
chr12	56267334	56267384	+
chr12	57108184	57111285	-
chr12	57517712	57520480	-
chr1	26022216	26022533	+
chr1	26159119	26161290	+
chr12	6341824	6341955	-
chr12	67648867	67649076	+
chr12	69610730	69610855	-
chr12	70366350	70366487	+
chr12	7108394	7109194	-
chr12	753223	753300	+
chr1	27558734	27558883	-
chr1	27830816	27830917	+
chr12	88142404	88142460	+
chr12	88580275	88580388	-
chr12	8949517	8949729	-
chr12	92145757	92145828	-
chr12	93378054	93378116	+
chr12	93677388	93677414	+
chr12	96400193	96400222	-
chr13	102798846	102798974	-
chr13	108218564	108218659	+
chr13	19782754	19782935	-
chr13	21046129	21046212	-
chr13	23570493	23570558	+
chr13	27440430	27450533	-
chr13	27441064	27445112	-
chr13	28718720	28718962	-
chr13	29428724	29428807	+
chr13	29428808	29440001	+
chr13	29849802	29849867	-
chr13	29849926	29850012	-
chr13	29850528	29850560	-
chr13	32536976	32538637	-
chr13	39037786	39037938	-
chr13	39038398	39038664	+
chr13	39601375	39602962	-
chr13	48412501	48412590	-
chr13	48524668	48524697	-
chr13	48653932	48654000	+
chr13	48975932	48976012	+
chr13	49247988	49248041	+
chr13	49434205	49444047	-
chr1	36259388	36259483	+
chr1	36394089	36397776	-
chr13	67230066	67230110	-
chr13	80337647	80337748	-
chr1	3856992	3857192	-
chr13	97222411	97222446	+
chr13	97222443	97222526	+
chr13	97275992	97276057	+
chr14	103126335	103126370	+
chr14	20329247	20329366	-
chr14	20684620	20684682	+
chr14	21263623	21263700	-
chr14	24242405	24242488	-
chr14	32090506	32090577	+
chr1	43970020	43970097	+
chr14	44962385	44962525	+
chr14	49620884	49620925	+
chr14	50668149	50668271	-
chr14	53953350	53954423	-
chr14	53953350	53956678	-
chr14	55027275	55027349	+
chr14	55027413	55031911	+
chr14	55027413	55043015	+
chr14	55031957	55043015	+
chr1	45690978	45691019	+
chr14	57268709	57268816	-
chr14	57268990	57269031	+
chr14	57269196	57269291	+
chr14	63204698	63204772	+
chr14	67816003	67816576	-
chr14	69398714	69398821	+
chr14	69398768	69398821	+
chr14	69767304	69768147	+
chr14	70907578	70907754	+
chr14	73026998	73027030	-
chr14	73147866	73148072	+
chr14	73355753	73366981	-
chr14	74692176	74692271	-
chr14	74922262	74922336	-
chr14	74955354	74955392	-
chr14	77105667	77105705	+
chr14	88550566	88554674	-
chr14	91145221	91145277	+
chr14	91510261	91510359	-
chr14	91947467	91947508	-
chr14	92039844	92039927	-
chr14	93184269	93184923	-
chr14	93976502	93976618	-
chr1	51519204	51519245	-
chr1	52142374	52216464	+
chr1	52216423	52216464	+
chr15	22838748	22838861	+
chr15	24856631	24856684	+
chr15	34987642	34988197	-
chr1	53889353	53889463	-
chr15	41774564	41775224	+
chr15	42208268	42208294	-
chr15	42273401	42273430	-
chr15	42448670	42457303	-
chr15	43330763	43330831	+
chr15	44729357	44729389	+
chr15	44729373	44729501	+
chr15	47718654	47718761	+
chr15	49423402	49424064	+
chr15	50424573	50439025	+
chr15	50648802	50686717	-
chr15	52019251	52045844	+
chr15	58771326	58771373	+
chr15	66702255	66702533	+
chr15	73926614	73926670	+
chr15	74173717	74173986	+
chr15	74460758	74461072	-
chr15	74460899	74461072	-
chr15	77252444	77252497	-
chr15	77365195	77420040	-
chr15	80098418	80098459	+
chr15	81001989	81002279	+
chr15	89333821	89333892	-
chr15	96331033	96331125	+
chr1	6026410	6040558	+
chr16	10942340	10942432	-
chr16	11779342	11782368	-
chr16	14632988	14644278	+
chr16	14644281	14644343	+
chr16	1534036	1534101	+
chr16	19114391	19114510	+
chr16	20862558	20862617	-
chr16	20862558	20900279	-
chr16	29862929	29863027	-
chr16	3024155	3024238	+
chr16	30610211	30610351	-
chr16	3397563	3397697	-
chr16	50287948	50287977	+
chr16	50742784	50742819	+
chr16	57186340	57186483	+
chr16	57186340	57204535	+
chr16	57204542	57204658	+
chr16	58599327	58599386	-
chr16	58599465	58599506	-
chr16	65004961	65005008	-
chr16	65053869	65121975	-
chr16	66934550	66934678	+
chr16	67171248	67171358	+
chr16	67528913	67538502	+
chr16	68266700	68274779	+
chr16	70114821	70120473	+
chr16	70399010	70399213	-
chr16	70399326	70399433	-
chr16	70523835	70523873	+
chr16	7332834	7332938	+
chr16	79600197	79600319	-
chr16	81007042	81007221	+
chr16	81007268	81011982	+
chr16	82627033	82627083	+
chr16	84700024	84700050	+
chr16	84995943	84995987	-
chr16	8625543	8625608	+
chr16	89972110	89972349	-
chr17	1187013	1187174	-
chr17	12666082	12666180	+
chr17	18039136	18039168	-
chr17	19282005	19282073	+
chr17	19282953	19282997	+
chr17	2055228	2056869	+
chr17	2511821	2511883	-
chr17	2593955	2638121	+
chr17	31094994	31095038	+
chr17	3636480	3637243	+
chr17	3636789	3637243	+
chr17	36535083	36535277	+
chr17	39451192	39451245	-
chr17	40100120	40100311	-
chr17	42194413	42194466	-
chr17	42348527	42388559	-
chr17	42659312	42659461	+
chr17	43661694	43661723	-
chr17	43661798	43661845	-
chr17	44117683	44123592	-
chr17	44805678	44830131	-
chr17	44847948	44848034	+
chr1	74733177	74733233	+
chr1	74733271	74733324	+
chr17	48050802	48050840	+
chr17	48050904	48051083	+
chr17	48107790	48112580	+
chr17	4940112	4940141	+
chr17	49413245	49414877	-
chr17	49636796	49677984	-
chr17	4999897	5000223	+
chr17	5486673	5488270	+
chr17	5488196	5488270	+
chr17	64020440	64020493	-
chr17	64661946	64662035	-
chr17	68514944	68515096	+
chr17	68955288	68955317	-
chr17	69060890	69060922	-
chr17	75393709	75404846	-
chr17	75471836	75485905	+
chr17	75514061	75514165	-
chr1	77641541	77641579	-
chr17	76729706	76729792	+
chr17	77141057	77141101	+
chr1	7784769	7784819	+
chr17	78997622	78997939	-
chr17	78997820	78997939	-
chr17	81395489	81399608	+
chr18	13612215	13612385	+
chr18	22169663	22171114	+
chr18	25350973	25352151	-
chr18	34493362	34493412	+
chr18	34593411	34593470	+
chr18	34593463	34593513	+
chr18	41955234	41955326	+
chr18	46917324	46917446	-
chr18	49491692	49491733	-
chr18	50663779	50663871	+
chr18	55589670	55589711	-
chr18	55589670	55589780	-
chr18	57621773	57621820	-
chr18	61816564	61892840	-
chr18	63319466	63319549	-
chr18	66603964	66604017	-
chr18	75285505	75285663	+
chr18	8609720	8609902	+
chr18	9136841	9136939	+
chr18	9182389	9182421	+
chr1	89579592	89579654	+
chr19	1021084	1021110	-
chr19	10379648	10379758	-
chr19	10543920	10543991	+
chr19	11346047	11346106	-
chr19	11346546	11346620	+
chr19	11356880	11356963	+
chr19	11529066	11529122	-
chr19	15273066	15280405	-
chr19	17101693	17102163	+
chr19	18557907	18562105	+
chr19	1881714	1885392	-
chr1	92876306	92961442	-
chr19	3600670	3606544	-
chr19	36228786	36235669	+
chr19	36235729	36235818	+
chr19	36236034	36236153	+
chr19	36664767	36666786	-
chr19	37080362	37089113	+
chr19	37207175	37210468	-
chr19	37594954	37595031	+
chr19	40365556	40366487	+
chr19	40425886	40425939	-
chr19	40800556	40800603	+
chr19	42325918	42325989	+
chr19	43827813	43827938	+
chr19	43934535	43934672	-
chr19	44500359	44500436	-
chr19	45423455	45423490	-
chr19	45782408	45782455	-
chr19	4791748	4791798	+
chr19	48637147	48637215	-
chr19	48872554	48872634	+
chr19	48993706	48993768	+
chr19	49451693	49451746	-
chr19	49877204	49877311	-
chr19	49929396	49930906	+
chr19	52347723	52347806	+
chr19	53253117	53253146	-
chr19	55280064	55280108	-
chr19	55280064	55280253	-
chr19	55600398	55602378	+
chr19	5680139	5680177	-
chr19	57769697	57769864	+
chr19	58229568	58230432	+
chr1	9691490	9710446	+
chr19	9140444	9156000	+
chr1	9942631	9942735	-
chr1	99646269	99646316	+
chr20	10413735	10413887	-
chr20	10420619	10420750	-
chr20	13630008	13630094	-
chr20	3149114	3149209	-
chr20	325670	325732	+
chr20	34105542	34112226	-
chr20	34369399	34369449	+
chr20	349249	349290	+
chr20	35147274	35147315	-
chr20	408586	408705	+
chr20	44186811	44186906	-
chr20	44598715	44598831	+
chr20	45363230	45363271	+
chr20	45407433	45407549	+
chr20	45934708	45937464	+
chr20	47502007	47583223	+
chr20	6006126	6006206	+
chr20	768448	775985	-
chr2	105816435	105816530	+
chr2	112645945	112645989	+
chr2	118088527	118096430	+
chr2	120252873	120252932	+
chr21	29024743	29027897	+
chr21	29130642	29130918	+
chr21	29130811	29130918	+
chr21	29321225	29321290	+
chr21	31731897	31731953	-
chr2	134254266	134254310	+
chr21	34526797	34526910	-
chr21	42879414	42879518	-
chr2	144520171	144520293	-
chr21	46636503	46636913	+
chr21	46636929	46644318	+
chr2	151828233	151828403	-
chr2	161160407	161160481	+
chr2	161179643	161179744	+
chr2	169572071	169572136	-
chr2	169573742	169573798	-
chr2	173091027	173091164	+
chr2	174481963	174486955	-
chr2	174483140	174486955	-
chr2	174585591	174682821	-
chr2	174597699	174597776	-
chr2	175136459	175151079	-
chr2	177234259	177263440	-
chr2	178480487	178480711	+
chr2	180980815	180982032	+
chr2	187387750	187431355	-
chr2	197804922	197804987	+
chr2	201420464	201420574	-
chr2	201420645	201451365	-
chr2	202377112	202377168	+
chr2	202377210	202377284	+
chr2	202912286	202917918	+
chr2	202913019	202917918	+
chr2	203328486	203328512	+
chr2	20447111	20447149	+
chr2	20447275	20447358	+
chr2	207165552	207165671	-
chr2	208025403	208025507	-
chr2	208271515	208271619	+
chr22	18078020	18078121	+
chr22	18078020	18078348	+
chr22	18078271	18078348	+
chr2	219228024	219228442	-
chr2	219245897	219245980	+
chr2	219245986	219246679	+
chr2	219387875	219387904	-
chr22	21000771	21002150	-
chr22	21945946	21946059	-
chr22	24270969	24276756	+
chr22	24548047	24555016	-
chr2	224585288	224585335	-
chr22	25742161	25742253	+
chr22	26482063	26482131	-
chr22	26482168	26482227	-
chr22	26541681	26544622	-
chr2	226799329	226799523	-
chr22	29603842	29603943	+
chr2	229880063	229880125	-
chr22	32059186	32059254	+
chr22	33761497	33761550	-
chr22	39520747	39521528	+
chr22	42070436	42070489	-
chr22	42695563	42695631	-
chr22	42959832	42959870	-
chr22	49913705	49913842	-
chr22	50294746	50307627	-
chr2	27134486	27134578	-
chr2	32277913	32277981	+
chr2	33511769	33515031	+
chr2	36696722	36696814	+
chr2	36696879	36696947	+
chr2	37316837	37316893	-
chr2	38778195	38778278	+
chr2	44169014	44169133	+
chr2	48328573	48328647	+
chr2	63841114	63841158	+
chr2	64653758	64653796	-
chr2	65056478	65056528	+
chr2	69829739	69829798	+
chr2	74458484	74458594	+
chr2	88028538	88034172	-
chr2	9418701	9423391	-
chr2	96208544	96208630	-
chr3	101785419	101785544	+
chr3	112561597	112561629	-
chr3	112562063	112562236	+
chr3	119236905	119236967	-
chr3	120094031	120094189	-
chr3	121593415	121593483	+
chr3	121593477	121621535	+
chr3	12663906	12663959	-
chr3	129439766	129440011	-
chr3	130850771	130850905	+
chr3	130894590	130894739	+
chr3	134485747	134485842	+
chr3	136022842	136022943	+
chr3	141403933	141404010	+
chr3	150546864	150603133	-
chr3	15099106	15099132	-
chr3	151278342	151278386	-
chr3	152269026	152269076	+
chr3	152299843	152299980	+
chr3	15601391	15601516	-
chr3	159839938	159840183	+
chr3	160399147	160399206	-
chr3	16174819	16174917	+
chr3	16493871	16513524	-
chr3	168095443	168095559	-
chr3	179347749	179347793	+
chr3	180988214	180989646	-
chr3	183643532	183650341	+
chr3	183884747	183884869	-
chr3	18425037	18425201	-
chr3	184314610	184314672	+
chr3	184336087	184337369	+
chr3	184812210	184824573	+
chr3	186105676	186105912	-
chr3	186564299	186564370	-
chr3	192727221	192727587	-
chr3	196503294	196503395	-
chr3	25428365	25428418	+
chr3	28348697	28348783	-
chr3	37148993	37174591	-
chr3	37243318	37243461	+
chr3	38137044	38137124	-
chr3	38630414	38633315	-
chr3	43286586	43299783	+
chr3	43303104	43303154	+
chr3	44734238	44734282	+
chr3	44959433	44976117	-
chr3	45985004	45995804	-
chr3	46545249	46551602	-
chr3	47282655	47282744	-
chr3	47442980	47443036	-
chr3	47805345	47805419	+
chr3	48016339	48016377	-
chr3	48989959	48990291	+
chr3	50267685	50267750	+
chr3	50303038	50303265	-
chr3	50320529	50321640	-
chr3	50321362	50321640	-
chr3	52198674	52198826	+
chr3	57756322	57756583	+
chr3	57757214	57757402	+
chr3	57757363	57757524	+
chr3	58627187	58627345	-
chr3	61562272	61748917	+
chr3	64687786	64687935	-
chr3	66221016	66221072	+
chr3	88058139	88058216	-
chr3	88058139	88059047	-
chr3	89107655	89107834	+
chr3	9363424	9363525	+
chr3	94063015	94064501	+
chr3	9750102	9750335	+
chr3	99638538	99675718	+
chr3	99931024	100114327	-
chr4	103076264	103076593	-
chr4	107895386	107895451	+
chr4	108620603	108620677	+
chr4	123401545	123401631	+
chr4	1241335	1241433	-
chr4	139137802	139139439	-
chr4	139301047	139301124	-
chr4	142305492	142305521	-
chr4	142468018	142725890	-
chr4	143185300	143185578	+
chr4	145514471	145514512	+
chr4	147617624	147617659	+
chr4	147617705	147617833	+
chr4	151226177	151226278	-
chr4	15655233	15655382	-
chr4	158171372	158171443	-
chr4	158171560	158172352	-
chr4	158171560	158172875	-
chr4	158172477	158172635	-
chr4	158172921	158173016	-
chr4	168497091	168497147	+
chr4	168511488	168511622	+
chr4	169620665	169620691	+
chr4	169620834	169620935	+
chr4	169621001	169635939	+
chr4	169660261	169660317	+
chr4	1721084	1721245	-
chr4	173529489	173529659	-
chr4	17804430	17804492	-
chr4	185811713	185811844	-
chr4	185812060	185812128	-
chr4	185812116	185812211	-
chr4	2844824	2868044	+
chr4	3463366	3463516	+
chr4	39527315	39527500	-
chr4	41033268	41065604	-
chr4	41143022	41143099	-
chr4	41612934	41612969	+
chr4	41990504	41990632	+
chr4	48831102	48831206	+
chr4	54229375	54229401	+
chr4	55125358	55125564	-
chr4	55509942	55510004	-
chr4	56387362	56387394	-
chr4	64409266	64409379	-
chr4	77066298	77075543	-
chr4	82900167	82900435	-
chr4	85475200	85475448	+
chr4	88822994	88823113	-
chr5	102865830	102865907	+
chr5	111755783	111997374	-
chr5	112976905	112985968	+
chr5	115543595	115543663	-
chr5	115544581	115544652	-
chr5	126423250	126423582	+
chr5	126918195	127030454	-
chr5	128537691	128539509	-
chr5	131316026	131316103	+
chr5	132963463	132963498	-
chr5	134632753	134632824	-
chr5	136153603	136153722	+
chr5	137735894	137736025	-
chr5	138341195	138341263	+
chr5	138543097	138543204	-
chr5	139462672	139462722	-
chr5	139482555	139482659	-
chr5	140633166	140633222	-
chr5	141320514	141320723	-
chr5	141343849	141343926	+
chr5	141957885	141957986	-
chr5	142697690	142697902	-
chr5	142697916	142697975	-
chr5	145937883	145937927	+
chr5	14871635	14871766	-
chr5	149141526	149141600	+
chr5	149142012	149142071	+
chr5	150640716	150640787	+
chr5	150778570	150795434	+
chr5	156327030	156327113	+
chr5	159268905	159268937	+
chr5	160415297	160419053	-
chr5	170383815	170385469	-
chr5	171419658	171419726	+
chr5	171420016	171436172	+
chr5	173235100	173235162	-
chr5	173888756	173888878	+
chr5	173888935	173889096	+
chr5	175682787	175682951	+
chr5	176361648	176361710	-
chr5	177303816	177303869	+
chr5	179732876	179732911	+
chr5	179801906	179806626	-
chr5	180071927	180071989	-
chr5	180803693	180803896	-
chr5	180808731	180808895	-
chr5	180808914	180809048	-
chr5	181223339	181223509	+
chr5	31532322	31532396	+
chr5	31799135	31799221	+
chr5	40679969	40680064	+
chr5	43602794	43602826	+
chr5	52787972	52788028	+
chr5	52788061	52788153	+
chr5	52800238	52800285	+
chr5	55982729	55982791	-
chr5	57176022	57176051	+
chr5	60928936	60945048	-
chr5	61161110	61161196	-
chr5	66596426	66596518	+
chr5	69369918	69370202	+
chr5	71455687	71455749	+
chr5	77030625	77030723	+
chr5	77077875	77078665	-
chr5	77087115	77087249	-
chr5	81244052	81244126	+
chr6	10527477	10527509	+
chr6	10585813	10585851	+
chr6	106629204	106629263	-
chr6	109094388	109094471	-
chr6	112254468	112254575	-
chr6	116399210	116399254	+
chr6	116571561	116571644	+
chr6	127280239	127280289	+
chr6	136289742	136289801	-
chr6	138988148	138988207	-
chr6	142774941	142774976	-
chr6	142783548	142836971	-
chr6	143678072	143678134	+
chr6	16328342	16328431	-
chr6	16485977	16486021	-
chr6	16522628	16585814	-
chr6	21593926	21594057	+
chr6	24403001	24405171	+
chr6	26440560	26440601	+
chr6	28923551	28923661	-
chr6	30204709	30204756	-
chr6	31586232	31587232	+
chr6	31622774	31622860	+
chr6	32970957	32971073	+
chr6	33200993	33201028	+
chr6	33321932	33322914	-
chr6	33417767	33417859	-
chr6	34392525	34392644	-
chr6	35347087	35347131	+
chr6	37005710	37005790	+
chr6	3751495	3751542	-
chr6	46652573	46652761	-
chr6	46921822	46921857	-
chr6	5084985	5085314	+
chr6	53041266	53041385	-
chr6	7313117	7313197	-
chr6	7389890	7389952	+
chr6	75493516	75493599	-
chr6	75602210	75602293	+
chr6	82247568	82247627	-
chr6	95577576	95586428	+
chr6	99416369	99416407	-
chr7	101816021	101816077	+
chr7	105040848	105040925	+
chr7	107470134	107470217	+
chr7	108515546	108518259	-
chr7	108515546	108526110	-
chr7	112206344	112206388	-
chr7	112450487	112450645	+
chr7	1158247	1160132	-
chr7	120856796	120857886	-
chr7	120988804	120988905	+
chr7	120988872	120989433	+
chr7	123601899	123604060	+
chr7	129054850	129054888	-
chr7	134646839	134658386	+
chr7	134744334	134843961	+
chr7	135148237	135164563	+
chr7	135510040	135510078	-
chr7	135748716	135748787	-
chr7	136868918	136869302	+
chr7	136992199	137014825	+
chr7	13989073	13989621	-
chr7	13989422	13989621	-
chr7	150974840	150977924	-
chr7	151061928	151061978	+
chr7	151080763	151080789	-
chr7	151519815	151519886	-
chr7	151876885	151877091	-
chr7	156893000	156893047	-
chr7	17940325	17940483	-
chr7	27740207	27740236	+
chr7	28957902	28958114	-
chr7	30026534	30026566	-
chr7	30921439	30921585	+
chr7	32879822	32879914	-
chr7	33129737	33129895	+
chr7	35253792	35253938	-
chr7	35694434	35694487	-
chr7	43650551	43729464	-
chr7	43665696	43729464	-
chr7	44122177	44122334	-
chr7	45109268	45111697	-
chr7	51316713	51316739	-
chr7	5190279	5190353	+
chr7	56088944	56092950	-
chr7	6578591	6578698	+
chr7	66205483	66240404	+
chr7	77794288	77798348	-
chr7	80602164	80602220	+
chr7	80602279	80602341	+
chr7	90412007	90412648	+
chr7	91264487	91264588	+
chr7	91264691	91264888	+
chr7	98106982	98107083	+
chr7	98251446	98251541	-
chr7	99500056	99500166	-
chr7	99548407	99551984	-
chr7	99560535	99560633	+
chr8	103300010	103300102	+
chr8	109334328	109334372	+
chr8	109540191	109540424	+
chr8	11708134	11708163	+
chr8	11770235	11771536	+
chr8	118110961	118111215	-
chr8	118111229	118111342	-
chr8	119832775	119832825	-
chr8	119873753	119873785	+
chr8	122951297	122951347	+
chr8	132758898	132760502	-
chr8	133476511	133476600	-
chr8	133499161	133545798	-
chr8	133545868	133571732	-
chr8	13514676	13514720	-
chr8	144104625	144104747	+
chr8	144291613	144291699	+
chr8	144464993	144465034	-
chr8	144509077	144509445	+
chr8	144519620	144519967	+
chr8	15540253	15540462	+
chr8	17245236	17246782	-
chr8	17697451	17697528	-
chr8	17923004	17923036	+
chr8	19505966	19506091	-
chr8	23000040	23004445	+
chr8	26865325	26865384	-
chr8	27992295	27992405	-
chr8	28715831	28715902	+
chr8	31033891	31058435	+
chr8	33599690	33599734	-
chr8	38176277	38176606	-
chr8	38231804	38233065	+
chr8	38468284	38468310	-
chr8	38997001	38997039	+
chr8	41598421	41598468	+
chr8	41599016	41599084	+
chr8	41665034	41665093	-
chr8	41665090	41665134	-
chr8	42049008	42049085	-
chr8	42049151	42049237	-
chr8	42472541	42472615	-
chr8	51809224	51809352	-
chr8	56211130	56211261	-
chr8	56212780	56212815	+
chr8	58146049	58146081	+
chr8	6563027	6563122	-
chr8	65634010	65634036	-
chr8	65669881	65669952	+
chr8	69466772	69495822	+
chr8	69466772	69501880	+
chr8	69492861	69493004	+
chr8	69493001	69493102	+
chr8	69501925	69563584	+
chr8	69832822	69832989	-
chr8	73964530	73970626	-
chr8	76986281	77000039	-
chr8	76988308	77000039	-
chr8	9141648	9150607	-
chr9	107489438	107489620	-
chr9	108931061	108931195	-
chr9	113273385	113273435	-
chr9	113374475	113375535	-
chr9	120714379	120714456	-
chr9	120866891	120866965	-
chr9	121286619	121286690	+
chr9	122270867	122270998	+
chr9	125707114	125707143	-
chr9	127916880	127916984	-
chr9	128322627	128322656	+
chr9	128886028	128886105	+
chr9	129111421	129111471	+
chr9	129849881	129852543	+
chr9	131430129	131430218	+
chr9	132883929	132883955	+
chr9	132928945	132935090	-
chr9	134053493	134053567	-
chr9	136944026	136944091	-
chr9	34338753	34338812	+
chr9	34381120	34381461	-
chr9	35108315	35108708	-
chr9	35749402	35749759	+
chr9	38392735	38395780	+
chr9	676912	676995	+
chr9	70413550	70413582	-
chr9	70413719	70413817	-
chr9	70413868	70413942	-
chr9	70414054	70414161	-
chr9	70414252	70414284	-
chr9	71768395	71768460	-
chr9	86079328	86100070	-
chr9	86946707	86946901	-
chr9	89405540	89405611	-
chr9	89405540	89455895	-
chr9	91410776	91410826	-
chr9	93453255	93453491	-
chr9	95875917	95880940	+
chrX	101051900	101052067	-
chrX	10157003	10157065	+
chrX	103685228	103686696	-
chrX	10567550	10576819	-
chrX	10567550	10620340	-
chrX	10567550	10833565	-
chrX	129841980	129842060	-
chrX	134373343	134377581	+
chrX	135973624	135973947	-
chrX	149541255	149541458	+
chrX	149541255	149542022	+
chrX	154398270	154398353	+
chrX	19887469	19887543	-
chrX	21657785	21658174	-
chrX	21757959	21758072	-
chrX	21940802	21967216	+
chrX	23783278	23783367	+
chrX	38804273	38804374	+
chrX	47218970	47219083	+
chrX	47467503	47467691	-
chrX	47561219	47561248	+
chrX	48597814	48597912	+
chrX	53225155	53225196	-
chrX	53654125	53680074	-
chrX	63754485	63754580	-
